{"name": "cnn_word_embeddings_all", "config": {"MAX_WORDS": 150000, "MAX_SEQUENCE_LENGTH": 100, "EMBEDDING_DIM": 100, "MAX_ENTITY_WORDS": 40000, "MAX_ENTITY_LENGTH": 4, "ENTITY_EMBEDDING_DIM": 100}, "score": {"accuracy": 0.42910079910926574, "precision": 0.9595035821014407, "recall": 0.42910079910926574, "f1": 0.5786410134859821}, "confusion_matrix": [[0, 0, 0, 0, 0, 0, 0, 0, 0, 0, 0, 0, 8, 0, 0, 0, 0, 0, 0, 0, 0, 0, 0, 0, 0, 0, 0, 0, 0, 0], [0, 42, 1, 4, 0, 4, 0, 0, 0, 0, 0, 0, 14, 0, 0, 0, 0, 0, 1, 0, 2, 0, 0, 0, 0, 0, 0, 0, 0, 27], [0, 15, 23, 0, 0, 0, 0, 0, 0, 0, 0, 0, 0, 0, 0, 0, 0, 0, 0, 0, 0, 0, 0, 0, 0, 0, 0, 0, 0, 8], [0, 0, 0, 7, 0, 0, 0, 0, 2, 0, 0, 0, 1, 5, 0, 0, 0, 0, 0, 0, 0, 1, 0, 1, 0, 0, 0, 1, 0, 2], [0, 0, 0, 0, 0, 7, 0, 0, 0, 0, 0, 0, 0, 0, 0, 0, 0, 0, 0, 0, 0, 0, 0, 1, 0, 0, 0, 0, 0, 0], [0, 0, 0, 1, 0, 269, 0, 0, 0, 0, 0, 0, 0, 2, 0, 0, 0, 0, 1, 0, 0, 0, 10, 7, 5, 0, 0, 0, 0, 7], [0, 0, 0, 0, 0, 0, 0, 0, 0, 0, 0, 0, 0, 0, 0, 0, 0, 0, 0, 0, 0, 0, 0, 0, 0, 0, 0, 1, 0, 1], [0, 0, 0, 0, 0, 0, 0, 0, 0, 0, 0, 0, 1, 0, 0, 0, 0, 0, 0, 0, 0, 0, 0, 0, 0, 0, 0, 0, 0, 1], [0, 0, 0, 6, 0, 0, 0, 0, 207, 0, 48, 117, 11, 3, 0, 0, 1, 0, 3, 1, 0, 0, 2, 0, 0, 2, 0, 1, 0, 22], [0, 0, 0, 0, 0, 0, 0, 0, 1, 0, 0, 1, 0, 0, 0, 0, 0, 0, 0, 0, 0, 0, 0, 0, 0, 0, 0, 0, 0, 0], [0, 0, 0, 6, 0, 0, 0, 0, 177, 0, 71, 119, 32, 2, 0, 0, 1, 0, 3, 1, 0, 0, 0, 0, 0, 1, 0, 0, 0, 11], [0, 0, 0, 19, 0, 0, 0, 0, 129, 0, 75, 212, 77, 4, 0, 0, 2, 0, 5, 1, 0, 0, 1, 0, 0, 3, 0, 0, 0, 25], [0, 0, 0, 43, 0, 1, 0, 3, 504, 0, 189, 377, 1239, 55, 0, 20, 102, 0, 8, 6, 0, 0, 2, 1, 3, 6, 0, 3, 0, 231], [0, 0, 0, 0, 0, 0, 0, 0, 1, 0, 0, 2, 1, 55, 0, 1, 1, 0, 0, 0, 0, 0, 1, 3, 2, 0, 0, 0, 0, 1], [0, 0, 0, 2, 0, 0, 0, 0, 3, 0, 0, 5, 0, 0, 0, 0, 0, 0, 0, 0, 0, 0, 0, 0, 0, 1, 0, 0, 0, 0], [0, 0, 0, 0, 0, 0, 0, 0, 0, 0, 0, 0, 9, 1, 0, 7, 0, 0, 1, 0, 0, 0, 0, 1, 1, 0, 0, 0, 0, 3], [0, 0, 0, 1, 0, 0, 0, 0, 0, 0, 0, 1, 18, 0, 0, 0, 15, 0, 0, 0, 0, 0, 0, 0, 0, 0, 0, 0, 0, 4], [0, 0, 0, 0, 0, 1, 0, 0, 0, 0, 0, 0, 0, 0, 0, 0, 0, 0, 1, 0, 0, 0, 2, 2, 3, 0, 0, 0, 0, 0], [0, 0, 0, 0, 0, 3, 0, 0, 0, 0, 0, 0, 0, 0, 0, 0, 0, 0, 21, 0, 0, 4, 3, 16, 20, 0, 0, 0, 0, 1], [0, 0, 0, 2, 0, 0, 0, 0, 63, 0, 27, 12, 3, 0, 0, 0, 0, 0, 0, 22, 0, 1, 0, 0, 0, 0, 0, 0, 0, 6], [0, 0, 0, 0, 0, 0, 0, 0, 0, 0, 0, 0, 0, 0, 0, 0, 1, 0, 2, 0, 18, 0, 0, 1, 0, 0, 0, 0, 0, 8], [0, 0, 0, 0, 0, 0, 0, 0, 0, 0, 0, 0, 0, 0, 0, 0, 0, 0, 0, 0, 0, 0, 0, 13, 0, 0, 0, 0, 0, 0], [0, 0, 0, 0, 0, 10, 0, 0, 4, 0, 0, 4, 0, 2, 0, 1, 0, 0, 14, 0, 0, 20, 598, 18, 39, 5, 0, 0, 0, 8], [0, 0, 0, 0, 0, 5, 0, 0, 0, 0, 0, 1, 0, 2, 0, 0, 0, 0, 51, 0, 0, 3, 15, 255, 112, 1, 0, 0, 0, 5], [0, 0, 0, 0, 0, 4, 0, 0, 0, 0, 0, 0, 0, 0, 0, 0, 0, 0, 25, 0, 0, 2, 18, 47, 60, 2, 0, 0, 0, 4], [0, 0, 0, 0, 0, 0, 0, 0, 0, 0, 0, 0, 0, 0, 0, 0, 0, 0, 0, 0, 0, 0, 3, 0, 2, 1, 0, 0, 0, 0], [0, 1, 0, 0, 0, 0, 0, 0, 0, 0, 0, 0, 2, 0, 0, 0, 0, 0, 0, 0, 0, 0, 0, 0, 0, 0, 0, 0, 0, 6], [0, 0, 0, 0, 0, 0, 0, 0, 0, 0, 0, 0, 1, 0, 0, 0, 0, 0, 0, 0, 0, 0, 0, 0, 0, 0, 0, 9, 0, 0], [0, 0, 0, 0, 0, 0, 0, 0, 1, 0, 0, 0, 0, 0, 0, 0, 0, 0, 0, 0, 0, 0, 0, 0, 0, 0, 0, 0, 0, 3], [34, 2228, 526, 4522, 0, 4476, 5, 72, 12847, 0, 4724, 9900, 20529, 5020, 0, 900, 4363, 79, 2240, 762, 5264, 453, 2833, 5755, 5521, 545, 6, 1525, 9, 70864]], "history": {"val_loss": [2.5463818085904086, 2.582006198441574, 2.6682667785456897, 2.2478194557949074, 2.3036730663474074, 2.1761207216104776, 2.195841166808005, 1.9615926578312644, 2.0511476805181075, 1.9701788776010043, 2.066668104942531, 2.0595286564213344, 2.085955359875705, 2.035462414171298, 2.0160401021693053, 2.1118186051625116, 2.1645023898790328, 2.0388136965954473, 1.9411645658867787, 1.914102750885642, 2.0106589663078527, 2.1376130094967536, 1.952736941039676, 1.8962161670988817, 2.0504609805561045, 2.215547781478297, 2.00542004493802, 1.968317322664828, 2.0053715561065384, 1.998280074467635, 2.0064922433387458, 1.9845243550493539, 1.9830493409203345, 1.9290130499186071, 2.0376019112248787, 1.8715498605738856, 1.9163828155931377, 1.9289905639245668, 1.927020115823385, 1.8342080107324221, 1.9243786518127612, 1.8990298524711566, 1.9241486079612804, 1.9526646648527404, 1.929412248489587, 1.8553516883123355, 1.999844979765092, 1.9671622161835487, 1.9895242943279794, 1.8736576576244723, 1.9740419290543079, 2.023212117394988, 1.9712865566848283, 1.9573091895967265, 1.9882831712403517, 1.9226397696286195, 1.890378327697258, 1.9645695611850948, 1.9525389919823548, 1.8937291990617855, 1.8713079445048575, 1.8229289683912064, 1.9429080555440617, 2.0178026190850598, 1.9452087205246473, 1.858170871557789, 1.8976273041228622, 2.0058347145245494, 1.8444718676577418, 1.9353113909336426, 1.9570118015620663, 1.9133918612178409, 1.9240869905868991, 1.9173983527104812, 1.9411437665069522, 2.0310377981232963, 1.9451671435894529, 1.8653275662472162, 1.992719552702084, 1.8925766137465683, 1.9890138097094916, 1.9388100112622118, 1.8749048001066424, 1.9042582950377351, 1.9019184546136334, 1.9279580637083629, 1.9414096040457407, 1.8471958248648692, 1.873125349888067, 2.027140307935215, 1.929857775216107, 2.0195237821656375, 1.9105260095010064, 1.8525687741839267, 1.9740205163519913, 2.0548931836911692, 1.8778058964284627, 1.9306896868050216, 2.0281343890263344, 2.0177656872898106, 1.9363618699483878, 1.9489583098188457, 1.9519952540127423, 1.9992047424830526, 1.9723388360627496, 1.9298877967164105, 1.8821460365523097, 1.9362558990234562, 2.0068742482456297, 1.9165761743311243, 1.923135288903436, 2.0243216694004516, 1.9630049047187945, 1.897330665596147, 1.8866506434236001, 2.1212399046324704, 1.9252852756607908, 2.1529579617042303, 1.9579372046716388, 2.081282924677184, 1.9614072233589002, 1.9757547556238433, 1.9336948888995118, 2.052034290440053, 2.038213014896826, 1.8795412846320927, 1.9586121542257435, 1.9527164796903442, 1.896359780421569, 2.0580726879880653, 1.950132560995757, 2.0115316365462848, 1.879087413306426, 2.0133219586541236, 2.1064708741162157, 1.9458563588387912, 2.0045738275172256, 2.0211332486080353, 2.044426114323259, 2.0446586564999043, 1.9984175018085346, 2.014280326988957, 2.0274922540993883, 2.230783247154076, 2.0548997494574333, 2.03208019503215, 2.2283890710160463, 1.9807694406798126, 1.9950639787218905, 2.03786213144958],