{"name": "cnn_word_embeddings_all", "config": {"MAX_WORDS": 150000, "MAX_SEQUENCE_LENGTH": 100, "EMBEDDING_DIM": 100, "MAX_ENTITY_WORDS": 40000, "MAX_ENTITY_LENGTH": 4, "ENTITY_EMBEDDING_DIM": 100}, "score": {"accuracy": 0.6512392572575126, "precision": 0.9528158839949645, "recall": 0.6512392572575126, "f1": 0.767115819223418}, "confusion_matrix": [[0, 0, 0, 0, 0, 0, 0, 0, 0, 0, 0, 0, 0, 0, 0, 0, 0, 0, 0, 0, 0, 0, 0, 0, 0, 0, 0, 0, 0, 8], [0, 43, 2, 3, 0, 0, 0, 0, 0, 0, 0, 0, 0, 0, 0, 0, 0, 0, 0, 0, 0, 0, 0, 0, 0, 0, 0, 0, 0, 47], [0, 7, 8, 0, 0, 0, 0, 0, 0, 0, 0, 0, 0, 0, 0, 0, 0, 0, 0, 0, 0, 0, 0, 0, 0, 0, 0, 0, 0, 31], [0, 0, 0, 6, 0, 0, 0, 0, 0, 0, 1, 0, 0, 2, 0, 0, 0, 0, 2, 0, 0, 0, 0, 0, 0, 0, 0, 1, 0, 8], [0, 0, 0, 0, 0, 1, 0, 0, 0, 0, 0, 0, 0, 0, 0, 0, 0, 0, 0, 0, 0, 0, 0, 7, 0, 0, 0, 0, 0, 0], [0, 0, 0, 0, 0, 265, 0, 0, 0, 0, 0, 0, 0, 2, 0, 0, 0, 0, 2, 0, 0, 4, 6, 2, 8, 1, 0, 0, 0, 12], [0, 0, 0, 0, 0, 0, 0, 0, 0, 0, 0, 0, 0, 0, 0, 0, 0, 0, 1, 0, 0, 0, 0, 0, 0, 0, 0, 0, 0, 1], [0, 0, 0, 0, 0, 0, 0, 0, 0, 0, 0, 0, 0, 0, 0, 0, 0, 0, 1, 0, 0, 0, 0, 0, 0, 0, 0, 0, 0, 1], [0, 0, 0, 4, 0, 0, 0, 0, 38, 0, 171, 121, 12, 2, 0, 0, 0, 0, 6, 8, 0, 0, 0, 1, 0, 1, 0, 0, 0, 60], [0, 0, 0, 0, 0, 0, 0, 0, 0, 0, 1, 0, 1, 0, 0, 0, 0, 0, 0, 0, 0, 0, 0, 0, 0, 0, 0, 0, 0, 0], [0, 0, 0, 4, 0, 0, 0, 0, 22, 0, 184, 134, 13, 2, 0, 0, 0, 0, 6, 4, 0, 0, 0, 0, 0, 1, 0, 0, 0, 54], [0, 0, 0, 14, 0, 0, 0, 0, 9, 0, 175, 187, 26, 6, 0, 0, 0, 0, 10, 5, 0, 0, 0, 8, 1, 3, 0, 1, 0, 108], [0, 3, 0, 14, 0, 0, 0, 0, 86, 0, 532, 323, 704, 54, 0, 8, 26, 0, 23, 15, 0, 0, 1, 3, 1, 6, 0, 6, 0, 988], [0, 0, 0, 0, 0, 0, 0, 0, 0, 0, 0, 0, 0, 51, 0, 0, 0, 0, 2, 0, 0, 0, 0, 5, 0, 0, 0, 0, 0, 10], [0, 0, 0, 1, 0, 0, 0, 0, 0, 0, 1, 4, 0, 1, 0, 0, 0, 0, 0, 0, 0, 0, 0, 0, 0, 0, 0, 0, 0, 4], [0, 0, 0, 0, 0, 0, 0, 0, 0, 0, 0, 0, 5, 0, 0, 6, 0, 0, 1, 0, 0, 0, 0, 2, 0, 0, 0, 4, 0, 5], [0, 0, 0, 0, 0, 0, 0, 0, 0, 0, 0, 2, 7, 0, 0, 0, 6, 0, 0, 0, 0, 0, 0, 0, 0, 0, 0, 0, 0, 24], [0, 0, 0, 0, 0, 0, 0, 0, 0, 0, 0, 0, 0, 0, 0, 0, 0, 0, 5, 0, 0, 0, 2, 1, 0, 0, 0, 0, 0, 1], [0, 0, 0, 0, 0, 3, 0, 0, 0, 0, 0, 0, 0, 0, 0, 0, 0, 0, 16, 0, 0, 3, 4, 11, 27, 1, 0, 0, 0, 3], [0, 0, 0, 0, 0, 0, 0, 0, 15, 0, 54, 10, 0, 0, 0, 0, 0, 0, 4, 26, 0, 0, 0, 0, 0, 0, 0, 0, 0, 27], [0, 0, 0, 0, 0, 0, 0, 0, 0, 0, 0, 0, 0, 0, 0, 0, 0, 0, 2, 0, 8, 0, 0, 1, 0, 0, 0, 0, 0, 19], [0, 0, 0, 0, 0, 0, 0, 0, 0, 0, 0, 0, 0, 0, 0, 0, 0, 0, 0, 0, 0, 0, 0, 12, 0, 0, 0, 0, 0, 1], [0, 0, 0, 0, 0, 16, 0, 0, 0, 0, 5, 2, 0, 0, 0, 1, 0, 0, 27, 0, 0, 30, 551, 12, 58, 10, 0, 0, 0, 11], [0, 0, 0, 0, 0, 6, 0, 0, 0, 0, 0, 0, 0, 1, 0, 0, 0, 2, 49, 0, 0, 7, 11, 243, 121, 0, 0, 1, 0, 9], [0, 0, 0, 0, 0, 8, 0, 0, 0, 0, 0, 0, 0, 1, 0, 0, 0, 0, 29, 0, 0, 5, 10, 38, 61, 2, 0, 0, 0, 8], [0, 0, 0, 0, 0, 0, 0, 0, 0, 0, 0, 0, 0, 0, 0, 0, 0, 0, 0, 0, 0, 1, 1, 2, 1, 1, 0, 0, 0, 0], [0, 0, 0, 0, 0, 0, 0, 0, 0, 0, 0, 0, 0, 0, 0, 0, 0, 0, 0, 0, 0, 0, 0, 0, 0, 0, 0, 0, 0, 9], [0, 0, 0, 0, 0, 0, 0, 0, 0, 0, 0, 0, 1, 0, 0, 0, 0, 0, 0, 0, 0, 0, 0, 0, 0, 0, 0, 9, 0, 0], [0, 0, 0, 0, 0, 0, 0, 0, 2, 0, 0, 0, 0, 0, 0, 0, 0, 0, 0, 0, 0, 0, 0, 0, 0, 0, 0, 0, 0, 2], [3, 1688, 231, 1984, 0, 3855, 2, 13, 3161, 0, 8316, 6164, 7019, 3165, 0, 249, 643, 58, 2312, 1247, 2016, 852, 2400, 4502, 4783, 450, 11, 985, 5, 109888]], "history": {"val_loss": [1.471832763038197, 1.3598580964701372, 1.2181893887486113, 1.2874630314329505, 1.2163518796385124, 1.2969601890276339, 1.2735380955342688, 1.1822013019815159, 1.2489689750154616, 1.1884826220768843, 1.2475739583698506, 1.2105535791243118, 1.3380041037008779, 1.2550509815591864, 1.2305557969520091, 1.2104992183859549, 1.289156395932441, 1.1853674179357208, 1.201289615566353, 1.2523332939377707, 1.2431339376861594, 1.2041281437828373, 1.2306660278014994, 1.1989454622724536, 1.1997535757403386, 1.1971885706746397, 1.2909919140402895, 1.2954626122158084, 1.2443640203389406, 1.270597611460336, 1.236176204507068, 1.2841739905169434, 1.255941142355117, 1.2189968144300405, 1.2603765943268785, 1.1562369934235421, 1.243870505668498, 1.2024692104752248, 1.1710890264341167, 1.1955341472871208, 1.1632073786425234, 1.2418819383773345, 1.2801800771999805, 1.3145814950729522, 1.3425789067168783, 1.1578077378816192, 1.2762034605739114, 1.280905863241229, 1.2743284727993323, 1.293415410082414], "val_acc": [0.46929114161802366, 0.49037383337641005, 0.5617483306615353, 0.546578373673699, 0.581038994059869, 0.5445371882410973, 0.5533344187291186, 0.5912161828322752, 0.5767362079490209, 0.5941198461789523, 0.5603971204722642, 0.5874500481541743, 0.5550018681468137, 0.5797069506571502, 0.6066640486045021, 0.5991605244330389, 0.5880921115035395, 0.6254180603758112, 0.6286475452750565, 0.5895295681314813, 0.6022941800581796, 0.6231564636117418, 0.6392751376953069, 0.6181349476708317, 0.6451207941132044, 0.6271621739797177, 0.6194765749788305, 0.6134392581282838, 0.6423417109882162, 0.6109764174322614, 0.6343111226777504, 0.6477657136437905, 0.6293758548621748, 0.6421117196932057, 0.6351352640216673, 0.6598978454903079, 0.6442008230689295, 0.6446608103214629, 0.669270059774464, 0.6506789588359514, 0.6586520501560185, 0.6267788520095879, 0.6249676557008178, 0.6107751724634488, 0.6065682171731411, 0.6629260837031609, 0.6297879279995843, 0.6331803256616186, 0.6488773478335281, 0.6503052204706536], "loss": [0.8666496607914638, 0.778424861995888, 0.7513416233656356, 0.7158639302744405, 0.6926763612781733, 0.6906920508105409, 0.6766007161815369, 0.6508543836418471, 0.6780290244989667, 0.6559488727543015, 0.6499010965058756, 0.6419948952637525, 0.6309380608919696, 0.6108198097215574, 0.5957466173528024, 0.6055267115612843, 0.6099705799649858, 0.6368049786200698, 0.6069619924180677, 0.5917024051044883, 0.6089621795558932, 0.56543727704598, 0.5812805217753872, 0.5791685760473456, 0.5682049383307334, 0.570172486796687, 0.5833068073865008, 0.6121505958868216, 0.5730106535683516, 0.576927787539943, 0.5633549338649992, 0.5569910783629282, 0.5709283935807042, 0.5777526024570568, 0.5908696159477412, 0.5673713989404451, 0.5609388659483536, 0.5872876849378783, 0.5553745922677951, 0.5690142503226573, 0.5633307105678359, 0.5775462046483478, 0.5938452223378752, 0.5677461053053983, 0.611755639490152, 0.5793269120824014, 0.6015151315629355, 0.5992903986787469, 0.5700919255730127, 0.5859678412476164], "acc": [0.47612248080620384, 0.4996178718763824, 0.5169656977444194, 0.5340931135620905, 0.5398789180100191, 0.5389158142719674, 0.5423226095901585, 0.555063357180446, 0.5503029450341689, 0.566424134184734, 0.5657820643588262, 0.5747350875294737, 0.5737360477673704, 0.5829070842644416, 0.5833622823189341, 0.5821572067198078, 0.5870805298980967, 0.5760359945792892, 0.5899554620019579, 0.5902669129213284, 0.5901950402306276, 0.593841412873425, 0.5951423207202045, 0.5990043140751808, 0.6046415792614267, 0.6082472257815071, 0.6033023397392918, 0.598623385103394, 0.6070469407611381, 0.6080483768135728, 0.6065749720850904, 0.6168528585549845, 0.6123823374023222, 0.6133646062305678, 0.6116875626782448, 0.6174661773072757, 0.6231848986169609, 0.6159783987760704, 0.6223152318284016, 0.6155136192067793, 0.616323392033395, 0.6187766674219783, 0.6088797116714512, 0.6146966585033389, 0.6058274899445746, 0.6112155935390984, 0.6043037751598389, 0.6100344753555035, 0.62106463550157, 0.6165869271323878]}, "params": {"batch_size": 400, "epochs": 50, "steps": null, "samples": 417401, "verbose": 1, "do_validation": true, "metrics": ["loss", "acc", "val_loss", "val_acc"], "validation_steps": null}}