{"name": "lstm", "config": {"MAX_WORDS": 150000, "MAX_SEQUENCE_LENGTH": 100, "EMBEDDING_DIM": 100, "MAX_ENTITY_WORDS": 40000, "MAX_ENTITY_LENGTH": 4, "ENTITY_EMBEDDING_DIM": 100}, "score": {"accuracy": 0.04627063012491157, "precision": 0.9601876020600146, "recall": 0.04627063012491157, "f1": 0.06854419643430627}, "confusion_matrix": [[0, 2, 0, 0, 0, 6, 0, 0, 0, 0, 0, 0, 0, 0, 0, 0, 0, 0, 0, 0, 0, 0, 0, 0, 0, 0, 0, 0, 0, 0], [0, 78, 9, 4, 0, 0, 0, 0, 0, 0, 0, 0, 0, 1, 0, 0, 0, 0, 0, 0, 0, 0, 3, 0, 0, 0, 0, 0, 0, 0], [0, 10, 33, 0, 0, 3, 0, 0, 0, 0, 0, 0, 0, 0, 0, 0, 0, 0, 0, 0, 0, 0, 0, 0, 0, 0, 0, 0, 0, 0], [0, 1, 1, 15, 0, 0, 0, 0, 0, 0, 0, 0, 2, 1, 0, 0, 0, 0, 0, 0, 0, 0, 0, 0, 0, 0, 0, 0, 0, 0], [0, 2, 0, 0, 0, 6, 0, 0, 0, 0, 0, 0, 0, 0, 0, 0, 0, 0, 0, 0, 0, 0, 0, 0, 0, 0, 0, 0, 0, 0], [0, 123, 62, 16, 0, 67, 0, 0, 0, 0, 1, 0, 0, 1, 0, 0, 0, 0, 11, 0, 2, 3, 4, 5, 4, 3, 0, 0, 0, 0], [0, 0, 0, 0, 0, 0, 0, 0, 0, 0, 0, 0, 0, 0, 0, 0, 0, 0, 1, 0, 0, 0, 1, 0, 0, 0, 0, 0, 0, 0], [0, 0, 0, 0, 0, 0, 0, 0, 0, 0, 0, 0, 0, 0, 0, 0, 0, 0, 1, 0, 0, 0, 1, 0, 0, 0, 0, 0, 0, 0], [0, 1, 0, 34, 0, 2, 0, 0, 44, 0, 116, 115, 31, 4, 0, 0, 0, 0, 30, 7, 5, 1, 24, 2, 3, 0, 0, 3, 0, 2], [0, 0, 0, 0, 0, 0, 0, 0, 1, 0, 0, 0, 1, 0, 0, 0, 0, 0, 0, 0, 0, 0, 0, 0, 0, 0, 0, 0, 0, 0], [0, 1, 0, 34, 0, 2, 0, 0, 44, 0, 116, 115, 31, 4, 0, 0, 0, 0, 30, 7, 5, 1, 24, 2, 3, 0, 0, 3, 0, 2], [0, 1, 0, 30, 0, 6, 0, 0, 30, 0, 96, 218, 34, 16, 0, 0, 0, 0, 42, 14, 4, 3, 45, 1, 8, 4, 0, 0, 0, 1], [0, 17, 10, 288, 0, 32, 0, 0, 164, 0, 353, 470, 449, 210, 0, 122, 38, 11, 140, 42, 27, 13, 172, 80, 56, 9, 0, 78, 0, 12], [0, 0, 0, 5, 0, 0, 0, 0, 0, 0, 0, 0, 5, 53, 0, 1, 0, 0, 3, 0, 1, 0, 0, 0, 0, 0, 0, 0, 0, 0], [0, 0, 0, 3, 0, 0, 0, 0, 1, 0, 0, 1, 5, 1, 0, 0, 0, 0, 0, 0, 0, 0, 0, 0, 0, 0, 0, 0, 0, 0], [0, 0, 0, 0, 0, 0, 0, 0, 0, 0, 0, 0, 2, 0, 0, 19, 0, 0, 0, 0, 0, 0, 0, 1, 1, 0, 0, 0, 0, 0], [0, 0, 0, 4, 0, 1, 0, 0, 0, 0, 0, 0, 8, 1, 0, 0, 8, 0, 4, 0, 0, 0, 0, 11, 0, 1, 0, 1, 0, 0], [0, 2, 0, 0, 0, 0, 0, 0, 0, 0, 0, 0, 0, 0, 0, 0, 0, 1, 4, 0, 1, 0, 1, 0, 0, 0, 0, 0, 0, 0], [0, 1, 0, 3, 0, 0, 0, 0, 0, 0, 1, 1, 0, 1, 0, 0, 0, 1, 47, 0, 0, 0, 1, 1, 8, 2, 0, 1, 0, 0], [0, 0, 3, 3, 0, 0, 0, 0, 20, 0, 13, 8, 2, 0, 0, 0, 0, 0, 0, 67, 0, 11, 8, 0, 1, 0, 0, 0, 0, 0], [0, 1, 0, 0, 0, 0, 0, 0, 0, 0, 0, 0, 0, 0, 0, 0, 0, 0, 3, 0, 23, 1, 1, 0, 1, 0, 0, 0, 0, 0], [0, 0, 0, 0, 0, 0, 0, 0, 0, 0, 0, 2, 0, 0, 0, 0, 0, 0, 0, 0, 0, 3, 1, 6, 0, 1, 0, 0, 0, 0], [0, 9, 9, 4, 0, 16, 0, 0, 1, 0, 16, 27, 2, 1, 0, 0, 0, 0, 40, 7, 8, 32, 526, 1, 13, 9, 0, 1, 0, 1], [0, 9, 2, 10, 0, 4, 0, 0, 0, 0, 4, 3, 5, 7, 0, 1, 2, 7, 77, 0, 10, 8, 7, 203, 73, 2, 0, 13, 0, 3], [0, 5, 0, 4, 0, 2, 0, 0, 2, 0, 3, 4, 5, 4, 0, 1, 1, 5, 38, 5, 4, 4, 3, 24, 38, 3, 0, 6, 0, 1], [0, 0, 0, 0, 0, 0, 0, 0, 0, 0, 0, 0, 0, 0, 0, 0, 0, 0, 0, 0, 0, 0, 1, 0, 0, 5, 0, 0, 0, 0], [0, 2, 0, 0, 0, 0, 0, 0, 0, 0, 0, 0, 0, 0, 0, 0, 0, 1, 4, 0, 1, 0, 1, 0, 0, 0, 0, 0, 0, 0], [0, 0, 0, 0, 0, 0, 0, 0, 0, 0, 0, 0, 1, 0, 0, 0, 0, 0, 0, 0, 0, 0, 0, 0, 1, 0, 0, 8, 0, 0], [0, 0, 0, 0, 0, 0, 0, 0, 0, 0, 0, 2, 0, 1, 0, 0, 0, 0, 1, 0, 0, 0, 0, 0, 0, 0, 0, 0, 0, 0], [0, 6784, 2081, 12810, 0, 5407, 32, 54, 5140, 0, 9820, 8521, 10632, 6840, 0, 2616, 1936, 734, 11345, 2727, 28348, 4021, 9943, 12514, 10276, 1171, 0, 6292, 0, 5958]], "history": {"val_loss": [2.8089564484405987, 2.602299450000183, 2.756612303905842], "val_acc": [0.03838966535364787, 0.08656361702145916, 0.06582591437837416], "loss": [2.2658588520665766, 1.6094930671599077, 1.3471916709297436], "acc": [0.0805340667532439, 0.11796090572771198, 0.14604900374042082]}, "params": {"batch_size": 200, "epochs": 3, "steps": null, "samples": 417401, "verbose": 1, "do_validation": true, "metrics": ["loss", "acc", "val_loss", "val_acc"], "validation_steps": null}}