{"accuracy": 0.9298546757750432, "precision": 0.25965066784070184, "recall": 0.5493788819867246, "f1": 0.35263629585020106, "ap_area": 0.2946397091584859, "p@100": 0.52, "p@200": 0.56, "p@300": 0.5533333333333333}