{"accuracy": 0.9060031778800988, "precision": 0.13504890060336058, "recall": 0.3023291925461144, "f1": 0.18669990463469083, "ap_area": 0.11002139424306727, "p@100": 0.28, "p@200": 0.295, "p@300": 0.28}