{"accuracy": 0.9201412648890641, "precision": 0.18439001705147698, "recall": 0.36940993788762516, "f1": 0.24599317103089552, "ap_area": 0.14937344714292, "p@100": 0.3, "p@200": 0.365, "p@300": 0.37}